[

  {
    "model": "caixa.Caixa",
    "pk": 1,
    "fields": {
      "status": 1,
      "data_abertura": "2015-02-11 01:18Z",
      "valor_inicial": 1000
    }
  },

  {
    "model": "configuracoes.Parametrizacao",
    "pk": 1,
    "fields": {
      "quantidade_inlines_compra": "8",
      "quantidade_inlines_venda": "4",
      "habilita_pedido_compra": 1,
      "habilita_pedido_venda": 1,
      "qtde_minima_produtos_em_estoque": 15,
      "perc_valor_minimo_pagamento": 50
    }
  },

  {
    "model": "parametros_financeiros.GrupoEncargo",
    "pk": 1,
    "fields": {
      "nome": "Grupo de encargos Padrão",
      "multa": 4,
      "juros": 3,
      "tipo_juros": "S",
      "status": 1,
      "padrao": 1
    }
  },

  {
    "model": "parametros_financeiros.FormaPagamento",
    "pk": 1,
    "fields": {
      "nome": "À vista",
      "descricao": "Pagamento efetuado à vista.",
      "quant_parcelas": 1,
      "prazo_entre_parcelas": 0,
      "tipo_prazo": "M",
      "carencia": 0,
      "tipo_carencia": "M",
      "status": 1
    }
  },
  {
    "model": "parametros_financeiros.FormaPagamento",
    "pk": 2,
    "fields": {
      "nome": "À prazo (Mensal, Entrada + 2x)",
      "descricao": "Pagamento parcelado em 3 vezes, com acerto da primeira parcela no ato da compra.",
      "quant_parcelas": 3,
      "prazo_entre_parcelas": 1,
      "tipo_prazo": "M",
      "carencia": 0,
      "tipo_carencia": "M",
      "status": 1
    }
  },
  {
    "model": "parametros_financeiros.FormaPagamento",
    "pk": 3,
    "fields": {
      "nome": "À prazo (Mensal, em 6x - Prazo: 1M - Carência: 2S)",
      "descricao": "Pagamento parcelado em 6 vezes, com primeiro pagamento para duas semanas.",
      "quant_parcelas": 6,
      "prazo_entre_parcelas": 1,
      "tipo_prazo": "M",
      "carencia": 2,
      "tipo_carencia": "S",
      "status": 1
    }
  },
  {
    "model": "parametros_financeiros.FormaPagamento",
    "pk": 4,
    "fields": {
      "nome": "À prazo (Semanal, em 3x - Prazo: 2S - Carência: 1D) ",
      "descricao": "Pagamento parcelado em 3 vezes, com prazo entre parcelas de 2 semanas e carência de 1 dia.",
      "quant_parcelas": 3,
      "prazo_entre_parcelas": 2,
      "tipo_prazo": "S",
      "carencia": 1,
      "tipo_carencia": "D",
      "status": 1
    }
  },
  {
    "model": "parametros_financeiros.FormaPagamento",
    "pk": 5,
    "fields": {
      "nome": "À prazo (Diário, em 5x - Prazo: 3D - Carência: 1M) ",
      "descricao": "Pagamento parcelado em 5 vezes, com prazo entre parcelas de 3 dias e carência de 1 mês.",
      "quant_parcelas": 5,
      "prazo_entre_parcelas": 3,
      "tipo_prazo": "D",
      "carencia": 1,
      "tipo_carencia": "M",
      "status": 1
    }
  },


  {
    "model": "localidade.Cidade",
    "pk": 1,
    "fields": {
      "nome": "Umuarama",
      "estado": "PR",
      "ultima_alteracao": "2014-09-18 13:40Z"
    }
  },
  {
    "model": "localidade.Cidade",
    "pk": 2,
    "fields": {
      "nome": "Cianorte",
      "estado": "PR",
      "ultima_alteracao": "2014-09-18 13:40Z"
    }
  },
  {
    "model": "localidade.Cidade",
    "pk": 3,
    "fields": {
      "nome": "Cáscavel",
      "estado": "PR",
      "ultima_alteracao": "2014-09-18 13:40Z"
    }
  },
  {
    "model": "localidade.Cidade",
    "pk": 4,
    "fields": {
      "nome": "Francisco Beltrão",
      "estado": "PR",
      "ultima_alteracao": "2014-09-18 13:40Z"
    }
  },
  {
    "model": "localidade.Cidade",
    "pk": 5,
    "fields": {
      "nome": "Toledo",
      "estado": "PR",
      "ultima_alteracao": "2014-09-18 13:40Z"
    }
  },
  {
    "model": "localidade.Cidade",
    "pk": 6,
    "fields": {
      "nome": "Curitiba",
      "estado": "PR",
      "ultima_alteracao": "2014-09-18 13:40Z"
    }
  },
  {
    "model": "localidade.Cidade",
    "pk": 7,
    "fields": {
      "nome": "São Paulo",
      "estado": "SP",
      "ultima_alteracao": "2014-09-18 13:40Z"
    }
  },
  {
    "model": "localidade.Cidade",
    "pk": 8,
    "fields": {
      "nome": "Rio de Janeiro",
      "estado": "RJ",
      "ultima_alteracao": "2014-09-18 00:00Z"
    }
  },
  {
    "model": "localidade.Cidade",
    "pk": 9,
    "fields": {
      "nome": "Xambrê",
      "estado": "PR",
      "ultima_alteracao": "2014-09-18 00:00Z"
    }
  },
  {
    "model": "localidade.Cidade",
    "pk": 10,
    "fields": {
      "nome": "Terra Roxa",
      "estado": "PR",
      "ultima_alteracao": "2014-09-18 00:00Z"
    }
  },
  {
    "model": "localidade.Cidade",
    "pk": 11,
    "fields": {
      "nome": "Querencia do Norte",
      "estado": "PR",
      "ultima_alteracao": "2014-09-18 00:00Z"
    }
  },
  {
    "model": "localidade.Cidade",
    "pk": 12,
    "fields": {
      "nome": "Paranavaí",
      "estado": "PR",
      "ultima_alteracao": "2014-09-18 00:00Z"
    }
  },
  {
    "model": "localidade.Cidade",
    "pk": 13,
    "fields": {
      "nome": "Pérola",
      "estado": "PR",
      "ultima_alteracao": "2014-09-18 00:00Z"
    }
  },

  {
    "model": "pessoal.Cargo",
    "pk": 1,
    "fields": {
      "nome": "Secretário atendente",
      "descricao": "Secretário atendente"
    }
  },
  {
    "model": "pessoal.Cargo",
    "pk": 2,
    "fields": {
      "nome": "Assistente de vendas",
      "descricao": "Assistente de vendas"
    }
  },
  {
    "model": "pessoal.Cargo",
    "pk": 3,
    "fields": {
      "nome": "Vendedor",
      "descricao": "Vendedor"
    }
  },
  {
    "model": "pessoal.Cargo",
    "pk": 4,
    "fields": {
      "nome": "Gerente",
      "descricao": "Gerente"
    }
  },


  {
    "model": "movimento.Produtos",
    "pk": 1,
    "fields": {
      "nome": "Martelo",
      "preco": 5.00,
      "preco_venda": 10.00,
      "quantidade": 50,
      "descricao": "http://www.nossacasanosite.com/p/lista-de-materiais-da-obra.html",
      "status": 1
    }
  },
  {
    "model": "movimento.Produtos",
    "pk": 2,
    "fields": {
      "nome": "Faca",
      "preco": 5.50,
      "preco_venda": 10.50,
      "quantidade": 25,
      "descricao": "",
      "status": 1
    }
  },
  {
    "model": "movimento.Produtos",
    "pk": 3,
    "fields": {
      "nome": "Serrote",
      "preco": 5.55,
      "preco_venda": 10.55,
      "quantidade": 25,
      "descricao": "",
      "status": 1
    }
  },
  {
    "model": "movimento.Produtos",
    "pk": 4,
    "fields": {
      "nome": "Parafusadeira",
      "preco": 5.77,
      "preco_venda": 10.77,
      "quantidade": 25,
      "descricao": "",
      "status": 0
    }
  },
  {
    "model": "movimento.Produtos",
    "pk": 5,
    "fields": {
      "nome": "Adaptador soldável curto 25mm x 3/4''",
      "preco": 0.17,
      "preco_venda": 0.34,
      "quantidade": 200,
      "descricao": "",
      "status": 1
    }
  },
  {
    "model": "movimento.Produtos",
    "pk": 6,
    "fields": {
      "nome": "Anel de vedação 100mm",
      "preco": 9.77,
      "preco_venda": 17.58,
      "quantidade": 250,
      "descricao": "",
      "status": 1
    }
  },
  {
    "model": "movimento.Produtos",
    "pk": 7,
    "fields": {
      "nome": "Argamassa AC1",
      "preco": 7.00,
      "preco_venda": 11.25,
      "quantidade": 305,
      "descricao": "",
      "status": 1
    }
  },
  {
    "model": "movimento.Produtos",
    "pk": 8,
    "fields": {
      "nome": "Armação 1 Estribo",
      "preco": 1.00,
      "preco_venda": 2.50,
      "quantidade": 500,
      "descricao": "",
      "status": 1
    }
  },
  {
    "model": "movimento.Produtos",
    "pk": 9,
    "fields": {
      "nome": "Arruela 3/4",
      "preco": 0.35,
      "preco_venda": 0.80,
      "quantidade": 200,
      "descricao": "",
      "status": 1
    }
  },
  {
    "model": "movimento.Produtos",
    "pk": 10,
    "fields": {
      "nome": "Argamassa AC1",
      "preco": 7.00,
      "preco_venda": 11.25,
      "quantidade": 305,
      "descricao": "",
      "status": 1
    }
  },
  {
    "model": "movimento.Produtos",
    "pk": 11,
    "fields": {
      "nome": "Assento simples p/ sanitário",
      "preco": 7.50,
      "preco_venda": 12.80,
      "quantidade": 400,
      "descricao": "",
      "status": 1
    }
  },
  {
    "model": "movimento.Produtos",
    "pk": 12,
    "fields": {
      "nome": "Bacia Sanitaria simples",
      "preco": 200.00,
      "preco_venda": 400.00,
      "quantidade": 100,
      "descricao": "",
      "status": 1
    }
  },
  {
    "model": "movimento.Produtos",
    "pk": 13,
    "fields": {
      "nome": "Bico p/engate rápido 1/2'",
      "preco": 2.00,
      "preco_venda": 3.50,
      "quantidade": 100,
      "descricao": "",
      "status": 1
    }
  },
  {
    "model": "movimento.Produtos",
    "pk": 14,
    "fields": {
      "nome": "Bocal E-27 c/ rabicho",
      "preco": 3.00,
      "preco_venda": 4.40,
      "quantidade": 150,
      "descricao": "",
      "status": 1
    }
  },
  {
    "model": "movimento.Produtos",
    "pk": 15,
    "fields": {
      "nome": "Brita nº3",
      "preco": 65.00,
      "preco_venda": 110.00,
      "quantidade": 200,
      "descricao": "",
      "status": 1
    }
  },
  {
    "model": "movimento.Produtos",
    "pk": 16,
    "fields": {
      "nome": "Brita nº4",
      "preco": 35.00,
      "preco_venda": 67.28,
      "quantidade": 200,
      "descricao": "",
      "status": 1
    }
  },
  {
    "model": "movimento.Produtos",
    "pk": 17,
    "fields": {
      "nome": "Broxa p/ pintura",
      "preco": 3.00,
      "preco_venda": 8.36,
      "quantidade": 400,
      "descricao": "",
      "status": 1
    }
  },
  {
    "model": "movimento.Produtos",
    "pk": 18,
    "fields": {
      "nome": "Bucha p/ tubo 3/4'",
      "preco": 0.10,
      "preco_venda": 0.80,
      "quantidade": 800,
      "descricao": "",
      "status": 1
    }
  },
  {
    "model": "movimento.Produtos",
    "pk": 19,
    "fields": {
      "nome": "Cabo Flexivel 2,5mm2",
      "preco": 6.05,
      "preco_venda": 12.20,
      "quantidade": 100,
      "descricao": "",
      "status": 1
    }
  },
  {
    "model": "movimento.Produtos",
    "pk": 20,
    "fields": {
      "nome": "Cabo Flexivel 4mm2",
      "preco": 6.90,
      "preco_venda": 49.50,
      "quantidade": 10,
      "descricao": "",
      "status": 1
    }
  },
  {
    "model": "movimento.Produtos",
    "pk": 21,
    "fields": {
      "nome": "Cabo p/ Entrada de energia",
      "preco": 8.05,
      "preco_venda": 16.80,
      "quantidade": 5,
      "descricao": "",
      "status": 1
    }
  },
  {
    "model": "movimento.Produtos",
    "pk": 22,
    "fields": {
      "nome": "Caixa de Inspeção PVC",
      "preco": 2.05,
      "preco_venda": 3.24,
      "quantidade": 9,
      "descricao": "",
      "status": 1
    }
  },
  {
    "model": "movimento.Produtos",
    "pk": 23,
    "fields": {
      "nome": "Caixa de Ligação provisória",
      "preco": 6.50,
      "preco_venda": 27.12,
      "quantidade": 4,
      "descricao": "",
      "status": 1
    }
  },
  {
    "model": "movimento.Produtos",
    "pk": 24,
    "fields": {
      "nome": "Caixa de Medição Monofásica",
      "preco": 8.99,
      "preco_venda": 34.13,
      "quantidade": 2,
      "descricao": "",
      "status": 1
    }
  },
  {
    "model": "movimento.Produtos",
    "pk": 25,
    "fields": {
      "nome": "Caixa descarga simples",
      "preco": 4.05,
      "preco_venda": 15.05,
      "quantidade": 9,
      "descricao": "",
      "status": 1
    }
  },
  {
    "model": "movimento.Produtos",
    "pk": 26,
    "fields": {
      "nome": "Carga de macadame",
      "preco": 120.00,
      "preco_venda": 240.00,
      "quantidade": 8,
      "descricao": "",
      "status": 1
    }
  },
  {
    "model": "movimento.Produtos",
    "pk": 27,
    "fields": {
      "nome": "Cinta de Aluminio",
      "preco": 1.08,
      "preco_venda": 5.75,
      "quantidade": 5,
      "descricao": "",
      "status": 1
    }
  },
  {
    "model": "movimento.Produtos",
    "pk": 28,
    "fields": {
      "nome": "Conector cunha",
      "preco": 3.08,
      "preco_venda": 8.00,
      "quantidade": 5,
      "descricao": "",
      "status": 1
    }
  },
  {
    "model": "movimento.Produtos",
    "pk": 29,
    "fields": {
      "nome": "Conector p/ Haste",
      "preco": 1.00,
      "preco_venda": 2.02,
      "quantidade": 5,
      "descricao": "",
      "status": 1
    }
  },
  {
    "model": "movimento.Produtos",
    "pk": 30,
    "fields": {
      "nome": "Conexão simples para torneira",
      "preco": 2.98,
      "preco_venda": 6.80,
      "quantidade": 5,
      "descricao": "",
      "status": 1
    }
  },
  {
    "model": "movimento.Produtos",
    "pk": 31,
    "fields": {
      "nome": "Curva esgoto 90º 100mm",
      "preco": 9.08,
      "preco_venda": 13.98,
      "quantidade": 5,
      "descricao": "",
      "status": 1
    }
  },
  {
    "model": "movimento.Produtos",
    "pk": 32,
    "fields": {
      "nome": "Disjuntor monofásico 40A",
      "preco": 4.00,
      "preco_venda": 8.66,
      "quantidade": 5,
      "descricao": "",
      "status": 1
    }
  },
  {
    "model": "movimento.Produtos",
    "pk": 33,
    "fields": {
      "nome": "Dobradiça simples",
      "preco": 1.10,
      "preco_venda": 3.87,
      "quantidade": 5,
      "descricao": "",
      "status": 1
    }
  },
  {
    "model": "movimento.Produtos",
    "pk": 34,
    "fields": {
      "nome": "Eletroduto 3/4'",
      "preco": 1.50,
      "preco_venda": 2.70,
      "quantidade": 7,
      "descricao": "",
      "status": 1
    }
  },
  {
    "model": "movimento.Produtos",
    "pk": 35,
    "fields": {
      "nome": "Engate flexivel 40 cm p/ Bacil",
      "preco": 1.70,
      "preco_venda": 3.20,
      "quantidade": 3,
      "descricao": "",
      "status": 1
    }
  },
  {
    "model": "movimento.Produtos",
    "pk": 36,
    "fields": {
      "nome": "Engate rápido 1/2'",
      "preco": 10.12,
      "preco_venda": 23.86,
      "quantidade": 1,
      "descricao": "",
      "status": 1
    }
  },
  {
    "model": "movimento.Produtos",
    "pk": 37,
    "fields": {
      "nome": "Espude para vaso",
      "preco": 1.70,
      "preco_venda": 3.70,
      "quantidade": 0,
      "descricao": "",
      "status": 1
    }
  },
  {
    "model": "movimento.Produtos",
    "pk": 38,
    "fields": {
      "nome": "Filtro de concreto p/ Esgoto",
      "preco": 100.08,
      "preco_venda": 240.00,
      "quantidade": 1,
      "descricao": "",
      "status": 1
    }
  },
  {
    "model": "movimento.Produtos",
    "pk": 39,
    "fields": {
      "nome": "Fio Rigido 10mm",
      "preco": 2.50,
      "preco_venda": 6.96,
      "quantidade": 6,
      "descricao": "",
      "status": 1
    }
  },
  {
    "model": "movimento.Produtos",
    "pk": 40,
    "fields": {
      "nome": "Fita Isolante",
      "preco": 1.00,
      "preco_venda": 2.90,
      "quantidade": 9,
      "descricao": "",
      "status": 1
    }
  },
  {
    "model": "movimento.Produtos",
    "pk": 41,
    "fields": {
      "nome": "Fita Veda Rosca",
      "preco": 3.08,
      "preco_venda": 5.05,
      "quantidade": 11,
      "descricao": "",
      "status": 1
    }
  },
  {
    "model": "movimento.Produtos",
    "pk": 42,
    "fields": {
      "nome": "Haste de Terra cobreada comum",
      "preco": 10.08,
      "preco_venda": 22.79,
      "quantidade": 50,
      "descricao": "",
      "status": 1
    }
  },
  {
    "model": "movimento.Produtos",
    "pk": 43,
    "fields": {
      "nome": "Interruptor 1TS Externo",
      "preco": 2.08,
      "preco_venda": 10.40,
      "quantidade": 59,
      "descricao": "",
      "status": 1
    }
  },
  {
    "model": "movimento.Produtos",
    "pk": 44,
    "fields": {
      "nome": "Joelho Esgoto 90º 100mm",
      "preco": 1.50,
      "preco_venda": 3.30,
      "quantidade": 90,
      "descricao": "",
      "status": 1
    }
  },
  {
    "model": "movimento.Produtos",
    "pk": 45,
    "fields": {
      "nome": "Joelho Soldavel 90º 20mm x 1/2'",
      "preco": 1.80,
      "preco_venda": 3.90,
      "quantidade": 40,
      "descricao": "",
      "status": 1
    }
  },
  {
    "model": "movimento.Produtos",
    "pk": 46,
    "fields": {
      "nome": "Joelho Soldavel c/ bucha latão 90º 25mm x 1/2'",
      "preco": 6.99,
      "preco_venda": 11.90,
      "quantidade": 80,
      "descricao": "",
      "status": 1
    }
  },
  {
    "model": "movimento.Produtos",
    "pk": 47,
    "fields": {
      "nome": "Lona plastica preta",
      "preco": 16.99,
      "preco_venda": 25.44,
      "quantidade": 50,
      "descricao": "",
      "status": 1
    }
  },
  {
    "model": "movimento.Produtos",
    "pk": 48,
    "fields": {
      "nome": "Luva esgoto 100mm",
      "preco": 15.99,
      "preco_venda": 26.38,
      "quantidade": 100,
      "descricao": "",
      "status": 1
    }
  },
  {
    "model": "movimento.Produtos",
    "pk": 49,
    "fields": {
      "nome": "Maderit 1,10 x 2,20",
      "preco": 200.99,
      "preco_venda": 338.00,
      "quantidade": 20,
      "descricao": "",
      "status": 1
    }
  },
  {
    "model": "movimento.Produtos",
    "pk": 50,
    "fields": {
      "nome": "Mangueira de Jardim",
      "preco": 40.00,
      "preco_venda": 70.00,
      "quantidade": 800,
      "descricao": "",
      "status": 1
    }
  },
  {
    "model": "movimento.Produtos",
    "pk": 51,
    "fields": {
      "nome": "Prego c/ cabeça 16x24",
      "preco": 6.99,
      "preco_venda": 16.89,
      "quantidade": 800,
      "descricao": "",
      "status": 1
    }
  },
  {
    "model": "movimento.Produtos",
    "pk": 52,
    "fields": {
      "nome": "Prego c/ cabeça 16x24",
      "preco": 6.99,
      "preco_venda": 16.89,
      "quantidade": 800,
      "descricao": "",
      "status": 1
    }
  },
  {
    "model": "movimento.Produtos",
    "pk": 53,
    "fields": {
      "nome": "Manta Asfática 3mm",
      "preco": 4.99,
      "preco_venda": 8.64,
      "quantidade": 800,
      "descricao": "",
      "status": 1
    }
  },
  {
    "model": "movimento.Produtos",
    "pk": 54,
    "fields": {
      "nome": "Manta de bidim p/ Drenagem 2,30m largura",
      "preco": 200.50,
      "preco_venda": 322.97,
      "quantidade": 50,
      "descricao": "",
      "status": 1
    }
  },
  {
    "model": "movimento.Produtos",
    "pk": 55,
    "fields": {
      "nome": "Manta de bidim p/ Drenagem mcdrain",
      "preco": 13.99,
      "preco_venda": 29.97,
      "quantidade": 800,
      "descricao": "",
      "status": 1
    }
  },
  {
    "model": "movimento.Produtos",
    "pk": 56,
    "fields": {
      "nome": "Parafuso Máquina",
      "preco": 1.00,
      "preco_venda": 2.56,
      "quantidade": 110,
      "descricao": "",
      "status": 1
    }
  },
  {
    "model": "movimento.Produtos",
    "pk": 57,
    "fields": {
      "nome": "Pino macho bipolar 10A",
      "preco": 6.00,
      "preco_venda": 11.00,
      "quantidade": 500,
      "descricao": "",
      "status": 1
    }
  },
  {
    "model": "movimento.Produtos",
    "pk": 58,
    "fields": {
      "nome": "Prego c/ cabeça 16x24",
      "preco": 6.00,
      "preco_venda": 16.89,
      "quantidade": 40,
      "descricao": "",
      "status": 1
    }
  },
  {
    "model": "movimento.Produtos",
    "pk": 59,
    "fields": {
      "nome": "Prego c/ cabeça 16x24",
      "preco": 6.99,
      "preco_venda": 16.89,
      "quantidade": 800,
      "descricao": "",
      "status": 1
    }
  },
  {
    "model": "movimento.Produtos",
    "pk": 60,
    "fields": {
      "nome": "Prego telheiro",
      "preco": 4.50,
      "preco_venda": 9.24,
      "quantidade": 11,
      "descricao": "",
      "status": 1
    }
  },
  {
    "model": "movimento.Produtos",
    "pk": 61,
    "fields": {
      "nome": "Silicone",
      "preco": 1.50,
      "preco_venda": 2.89,
      "quantidade": 200,
      "descricao": "",
      "status": 1
    }
  },
  {
    "model": "movimento.Produtos",
    "pk": 62,
    "fields": {
      "nome": "Suporte p/ Caixa de Medição",
      "preco": 4.10,
      "preco_venda": 7.53,
      "quantidade": 19,
      "descricao": "",
      "status": 1
    }
  },
  {
    "model": "movimento.Produtos",
    "pk": 63,
    "fields": {
      "nome": "TE esgoto 100mm",
      "preco": 4.99,
      "preco_venda": 12.60,
      "quantidade": 80,
      "descricao": "",
      "status": 1
    }
  },
  {
    "model": "movimento.Produtos",
    "pk": 64,
    "fields": {
      "nome": "TE soldável 25mm",
      "preco": 1.99,
      "preco_venda": 2.70,
      "quantidade": 800,
      "descricao": "",
      "status": 1
    }
  },
  {
    "model": "movimento.Produtos",
    "pk": 65,
    "fields": {
      "nome": "Telha Ondulada fibrocimento 4mm 2,44m x 0,50m",
      "preco": 50.99,
      "preco_venda": 117.00,
      "quantidade": 80,
      "descricao": "",
      "status": 1
    }
  },
  {
    "model": "movimento.Produtos",
    "pk": 66,
    "fields": {
      "nome": "Tomada barra",
      "preco": 2.00,
      "preco_venda": 3.00,
      "quantidade": 100,
      "descricao": "",
      "status": 1
    }
  },
  {
    "model": "movimento.Produtos",
    "pk": 67,
    "fields": {
      "nome": "Tomada Nylon",
      "preco": 1.99,
      "preco_venda": 6.20,
      "quantidade": 300,
      "descricao": "",
      "status": 1
    }
  },
  {
    "model": "movimento.Produtos",
    "pk": 68,
    "fields": {
      "nome": "Torneira Plastica de Jardim 1/2'",
      "preco": 3.50,
      "preco_venda": 6.00,
      "quantidade": 400,
      "descricao": "",
      "status": 1
    }
  },
  {
    "model": "movimento.Produtos",
    "pk": 69,
    "fields": {
      "nome": "Tubo descarga p/ caixa",
      "preco": 2.80,
      "preco_venda": 4.52,
      "quantidade": 30,
      "descricao": "",
      "status": 1
    }
  },
  {
    "model": "movimento.Produtos",
    "pk": 70,
    "fields": {
      "nome": "Tubo Drenagem",
      "preco": 100.80,
      "preco_venda": 199.88,
      "quantidade": 30,
      "descricao": "",
      "status": 1
    }
  },
  {
    "model": "movimento.Produtos",
    "pk": 71,
    "fields": {
      "nome": "Tubo esgoto 100mm",
      "preco": 100.80,
      "preco_venda": 147.99,
      "quantidade": 30,
      "descricao": "",
      "status": 1
    }
  },
  {
    "model": "movimento.Produtos",
    "pk": 72,
    "fields": {
      "nome": "Tubo soldável 25mm",
      "preco": 4.80,
      "preco_venda": 9.10,
      "quantidade": 20,
      "descricao": "",
      "status": 1
    }
  },
  {
    "model": "movimento.Produtos",
    "pk": 73,
    "fields": {
      "nome": "Arame Recozido 10",
      "preco": 20.00,
      "preco_venda": 51.30,
      "quantidade": 30,
      "descricao": "",
      "status": 1
    }
  },
  {
    "model": "movimento.Produtos",
    "pk": 74,
    "fields": {
      "nome": "Arame Recozido 18",
      "preco": 60.80,
      "preco_venda": 133.75,
      "quantidade": 30,
      "descricao": "",
      "status": 1
    }
  },
  {
    "model": "movimento.Produtos",
    "pk": 75,
    "fields": {
      "nome": "Areia c/ Brita 0",
      "preco": 350.80,
      "preco_venda": 690.00,
      "quantidade": 30,
      "descricao": "",
      "status": 1
    }
  },
  {
    "model": "movimento.Produtos",
    "pk": 76,
    "fields": {
      "nome": "Areia c/ Brita 1",
      "preco": 180.80,
      "preco_venda": 240.00,
      "quantidade": 30,
      "descricao": "",
      "status": 1
    }
  },
  {
    "model": "movimento.Produtos",
    "pk": 77,
    "fields": {
      "nome": "Areia Média",
      "preco": 99.80,
      "preco_venda": 198.00,
      "quantidade": 30,
      "descricao": "",
      "status": 1
    }
  },
  {
    "model": "movimento.Produtos",
    "pk": 78,
    "fields": {
      "nome": "Escoras 3m",
      "preco": 599.80,
      "preco_venda": 755.25,
      "quantidade": 30,
      "descricao": "",
      "status": 1
    }
  },
  {
    "model": "movimento.Produtos",
    "pk": 79,
    "fields": {
      "nome": "Lage até 4m",
      "preco": 1.200,
      "preco_venda": 1.700,
      "quantidade": 20,
      "descricao": "",
      "status": 1
    }
  },
  {
    "model": "movimento.Produtos",
    "pk": 80,
    "fields": {
      "nome": "Lage até 5,3m",
      "preco": 350.99,
      "preco_venda": 690.00,
      "quantidade": 12,
      "descricao": "",
      "status": 1
    }
  },
  {
    "model": "movimento.Produtos",
    "pk": 81,
    "fields": {
      "nome": "Manta Asfática 3mm",
      "preco": 180.55,
      "preco_venda": 297.90,
      "quantidade": 30,
      "descricao": "",
      "status": 1
    }
  },
  {
    "model": "movimento.Produtos",
    "pk": 82,
    "fields": {
      "nome": "Prego 17x27",
      "preco": 111.00,
      "preco_venda": 178.40,
      "quantidade": 30,
      "descricao": "",
      "status": 1
    }
  },
  {
    "model": "movimento.Produtos",
    "pk": 83,
    "fields": {
      "nome": "Tabuas largura variada 2,5cm larg. Pinus",
      "preco": 100.00,
      "preco_venda": 145.00,
      "quantidade": 30,
      "descricao": "",
      "status": 1
    }
  },
  {
    "model": "movimento.Produtos",
    "pk": 84,
    "fields": {
      "nome": "Tinta asfáltica p/ Concreto",
      "preco": 80.00,
      "preco_venda": 145.00,
      "quantidade": 30,
      "descricao": "",
      "status": 1
    }
  },
  {
    "model": "movimento.Produtos",
    "pk": 85,
    "fields": {
      "nome": "Vedacit",
      "preco": 82.00,
      "preco_venda": 176.00,
      "quantidade": 30,
      "descricao": "",
      "status": 1
    }
  },
  {
    "model": "movimento.Produtos",
    "pk": 86,
    "fields": {
      "nome": "Vergalhão 10mm",
      "preco": 350.00,
      "preco_venda": 742.50,
      "quantidade": 30,
      "descricao": "",
      "status": 1
    }
  },
  {
    "model": "movimento.Produtos",
    "pk": 87,
    "fields": {
      "nome": "Vergalhão 5mm",
      "preco": 1500.00,
      "preco_venda": 1907.00,
      "quantidade": 30,
      "descricao": "",
      "status": 1
    }
  },
  {
    "model": "movimento.Produtos",
    "pk": 88,
    "fields": {
      "nome": "Vergalhão 8mm",
      "preco": 380.10,
      "preco_venda": 579.60,
      "quantidade": 20,
      "descricao": "",
      "status": 1
    }
  },

  {
    "model": "pessoal.Cliente",
    "pk": 1,
    "fields": {
      "nome": "Miriam Leal",
      "data_nasc": "1972-01-17",
      "cpf": "09992615923",
      "status": 1,
      "endereco": "Emilho Magno Glatti",
      "numero": "1512",
      "bairro": "Santa Rita",
      "complemento": "casa",
      "estado": "PR",
      "cidade": 4,
      "cep": "85615-000",
      "telefone": "",
      "celular": "44-9915-5172",
      "email": "mirikaleal72@live.com",
      "data": "2015-02-20 20:05Z",
      "observacao": "",
      "rg": "56333851"
    }
  },
  {
    "model": "pessoal.Cliente",
    "pk": 2,
    "fields": {
      "nome": "Allana Tamara da Silva Camargo",
      "data_nasc": "1995-01-17",
      "cpf": "94115451904",
      "status": 1,
      "endereco": "Praça Garibaldi",
      "numero": "197",
      "bairro": "Vila Operaria",
      "complemento": "Casa",
      "estado": "PR",
      "cidade": 2,
      "cep": "87209-154",
      "telefone": "",
      "celular": "44-9910-1315",
      "email": "allanacamargo48@gmail.com",
      "data": "2015-02-20 20:05Z",
      "observacao": "",
      "rg": "132273618"
    }
  },
  {
    "model": "pessoal.Cliente",
    "pk": 3,
    "fields": {
      "nome": "Ana Paula Gimenes dos Santos",
      "data_nasc": "1988-10-30",
      "cpf": "07929726940",
      "status": 1,
      "endereco": "Waldemar dos Santos",
      "numero": "589",
      "bairro": "Centro",
      "complemento": "",
      "estado": "",
      "cidade": 11,
      "cep": "87930-000",
      "telefone": "44-3462-2900",
      "celular": "44-9893-6363",
      "email": "ana-paulagimenes@hotmail.com",
      "data": "2015-02-20 20:05Z",
      "observacao": "",
      "rg": "99720247"
    }
  },
  {
    "model": "pessoal.Cliente",
    "pk": 4,
    "fields": {
      "nome": "Andre Junior de Oliveira",
      "data_nasc": "1992-12-22",
      "cpf": "06549467950",
      "status": 1,
      "endereco": "Projetada 03",
      "numero": "10",
      "bairro": "Delci",
      "complemento": "",
      "estado": "PR",
      "cidade": 10,
      "cep": "85990-000",
      "telefone": "",
      "celular": "44-9740-5002",
      "email": "jeeh_nandinha@hotmail.com",
      "data": "2015-02-20 20:05Z",
      "observacao": "",
      "rg": "106300640"
    }
  },
  {
    "model": "pessoal.Cliente",
    "pk": 5,
    "fields": {
      "nome": "Karolayne Priscila Araujo Pereira",
      "data_nasc": "1993-10-25",
      "cpf": "05969188956",
      "status": 1,
      "endereco": "Avenida Parana",
      "numero": "298",
      "bairro": "Centro",
      "complemento": "Casa",
      "estado": "PR",
      "cidade": 9,
      "cep": "87535-000",
      "telefone": "",
      "celular": "44-8441-8466",
      "email": "karol.adm.araujo@gmail.com",
      "data": "2015-02-20 20:05Z",
      "observacao": "",
      "rg": "129090340"
    }
  },
  {
    "model": "pessoal.Cliente",
    "pk": 6,
    "fields": {
      "nome": "Daisy Albuquerque Estellai Martins",
      "data_nasc": "1988-03-17",
      "cpf": "",
      "status": 1,
      "endereco": "Altino da Silva Azeredo",
      "numero": "322",
      "bairro": "Jardim Alvorada do Sul",
      "complemento": "",
      "estado": "PR",
      "cidade": 12,
      "cep": "87707-070",
      "telefone": "",
      "celular": "44-9878-3400",
      "email": "estellai_daisy@hotmail.com",
      "data": "2015-02-20 20:05Z",
      "observacao": "",
      "rg": "001574850"
    }
  },
  {
    "model": "pessoal.Cliente",
    "pk": 7,
    "fields": {
      "nome": "Janine Carolina Bellozo",
      "data_nasc": "1988-01-10",
      "cpf": "08897718981",
      "status": 0,
      "endereco": "Rua Oscar Boeing",
      "numero": "670",
      "bairro": "Morada do Sol Quatro",
      "complemento": "",
      "estado": "PR",
      "cidade": 2,
      "cep": "87210-314",
      "telefone": "33519115",
      "celular": "99508496",
      "email": "janine_bellozo@hotmail.com",
      "data": "2015-02-20 20:05Z",
      "observacao": "",
      "rg": "96316569"
    }
  },
  {
    "model": "pessoal.Cliente",
    "pk": 8,
    "fields": {
      "nome": "Bruna Suelen Telva de Oliveira",
      "data_nasc": "1995-09-29",
      "cpf": "05534605952",
      "status": 1,
      "endereco": "Avenida Presidente Vargas",
      "numero": "834",
      "bairro": "Centro",
      "complemento": "",
      "estado": "PR",
      "cidade": 13,
      "cep": "08007-540",
      "telefone": "",
      "celular": "9810-3983",
      "email": "suelem.bruna_2013@hotmail.com",
      "data": "2015-02-20 20:05Z",
      "observacao": "",
      "rg": "134121882"
    }
  },
  {
    "model": "pessoal.Cliente",
    "pk": 9,
    "fields": {
      "nome": "Julciléia Fernandes da Silva",
      "data_nasc": "1985-03-25",
      "cpf": "09442616986",
      "status": 1,
      "endereco": "Rua Alexandre Buso",
      "numero": "180",
      "bairro": "Morada do Sol",
      "complemento": "",
      "estado": "PR",
      "cidade": 2,
      "cep": "87210-130",
      "telefone": "",
      "celular": "44-9919-2339",
      "email": "lojanubiamastercianorte@hotmail.com",
      "data": "2015-02-20 20:05Z",
      "observacao": "",
      "rg": "89020247"
    }
  },
  {
    "model": "pessoal.Cliente",
    "pk": 10,
    "fields": {
      "nome": "Jane Cruz",
      "data_nasc": "1979-11-30",
      "cpf": "00473301989",
      "status": 1,
      "endereco": "Jequitiba",
      "numero": "1319",
      "bairro": "",
      "complemento": "Jardim Paraíso",
      "estado": "PR",
      "cidade": 1,
      "cep": "87505-250",
      "telefone": "44-3055-4701",
      "celular": "44-9978-0526",
      "email": "antaresvendas6@hotmail.com",
      "data": "2015-02-20 20:05Z",
      "observacao": "",
      "rg": "78192380"
    }
  },

  {
    "model": "pessoal.Fornecedor",
    "pk": 1,
    "fields": {
      "nome": "Gustavo Santana de Oliveira",
      "data_nasc": "1993-11-06",
      "cpf": "41095475800",
      "status": 1,
      "endereco": "Marialva",
      "numero": "5398",
      "bairro": "Zona III",
      "complemento": "Próximo a Unipar",
      "estado": "PR",
      "cidade": 1,
      "cep": "87502-100",
      "telefone": "44-8443-5026",
      "celular": "11-25416-4899",
      "email": "gustavo.sdo@gmail.com",
      "data": "2014-09-18 17:05Z",
      "observacao": "Cliente Especial.",
      "tipo_pessoa": "PF",
      "cnpj": "",
      "razao_social": ""
    }
  },
  {
    "model": "pessoal.Fornecedor",
    "pk": 2,
    "fields": {
      "nome": "Stephanie Possato de Oliveira",
      "data_nasc": "1991-09-13",
      "cpf": "",
      "status": 1,
      "endereco": "Fortaleza",
      "numero": "5652,",
      "bairro": "Jardim America",
      "complemento": "",
      "estado": "PR",
      "cidade": 1,
      "cep": "87502-300",
      "telefone": "44-30303-8750",
      "celular": "",
      "email": "spossato@unipar.br",
      "data": "2014-09-18 00:05Z",
      "observacao": "*-*",
      "tipo_pessoa": "PJ",
      "cnpj": "75517151000110",
      "razao_social": ""
    }
  },


  {
    "model": "pessoal.Funcionario",
    "pk": 1,
    "fields": {
      "nome": "Gustavo Santana de Oliveira",
      "data_nasc": "1993-11-06",
      "cpf": "41095475800",
      "status": 1,
      "endereco": "Marialva",
      "numero": "5398",
      "bairro": "Zona III",
      "complemento": "Próximo a Unipar",
      "estado": "PR",
      "cidade": 1,
      "cep": "87502-100",
      "telefone": "44-8443-5026",
      "celular": "11-25416-4899",
      "email": "gustavo.sdo@gmail.com",
      "data": "2014-09-18 17:05Z",
      "observacao": "Cliente Especial.",
      "rg": "426277685",
      "salario": 5048.50,
      "cargo": 1,
      "usuario": 1
    }
  },
  {
    "model": "pessoal.Funcionario",
    "pk": 2,
    "fields": {
      "nome": "Stephanie Possato de Oliveira",
      "data_nasc": "1991-09-13",
      "cpf": "",
      "status": 1,
      "endereco": "Fortaleza",
      "numero": "5652,",
      "bairro": "Jardim America",
      "complemento": "",
      "estado": "PR",
      "cidade": 1,
      "cep": "87502-300",
      "telefone": "44-30303-8750",
      "celular": "",
      "email": "spossato@unipar.br",
      "data": "2014-09-18 00:05Z",
      "observacao": "*-*",
      "rg": "403289440",
      "salario": 3501.50,
      "cargo": 2,
      "usuario": null
    }
  },

  {
    "model": "auth.User",
    "pk": 1,
    "fields": {
      "password": "pbkdf2_sha256$12000$UjxpI6EkJXg2$GoYKHvFp9n+wGJV3ZiaDwBDqiMISOvHANHbAV27qVjE=",
      "last_login": "2014-12-31 01:18Z",
      "is_superuser": 1,
      "username": "admin",
      "first_name": "Gustavo",
      "last_name": "Santana de Oliveira",
      "email": "gustavo.sdo@gmail.com",
      "is_staff": 1,
      "is_active": 1,
      "date_joined": "2014-12-31 01:18Z"
    }
  },

  {
    "model": "auth.User",
    "pk": 2,
    "fields": {
      "password": "pbkdf2_sha256$12000$UjxpI6EkJXg2$GoYKHvFp9n+wGJV3ZiaDwBDqiMISOvHANHbAV27qVjE=",
      "last_login": "2015-01-01 01:18Z",
      "is_superuser": 0,
      "username": "spossato",
      "first_name": "Stephanie",
      "last_name": "Possato de Oliveira",
      "email": "spossato@unipar.br",
      "is_staff": 1,
      "is_active": 1,
      "date_joined": "2015-01-01 01:18Z"
    }
  }
  
]